,player_id,First Name,Last Name,Hand,Country,Height,Elo Rating,Clay Elo Rating,Hard Elo Rating,Grass Elo Rating,Carpet Elo Rating,n_games,last_game
2,206173,Jannik,Sinner,R,ITA,191,2160.0,1544.0,1599.0,1559.0,1500.0,353,2024-11-24
3,104925,Novak,Djokovic,R,SRB,188,2086.0,1609.0,1513.0,1526.0,1545.0,1363,2024-09-14
4,207989,Carlos,Alcaraz,R,ESP,183,2020.0,1517.0,1562.0,1591.0,1500.0,265,2024-11-19
5,100644,Alexander,Zverev,R,GER,198,1953.0,1539.0,1478.0,1565.0,1500.0,663,2024-11-11
6,126203,Taylor,Fritz,R,USA,196,1915.0,1569.0,1509.0,1563.0,1500.0,476,2024-02-01
7,106401,Nick,Kyrgios,R,AUS,193,1904.0,1551.0,1630.0,1524.0,1500.0,328,2023-06-12
8,106421,Daniil,Medvedev,R,RUS,198,1903.0,1512.0,1535.0,1534.0,1500.0,537,2024-11-11
9,104745,Rafael,Nadal,L,ESP,185,1894.0,1498.0,1524.0,1519.0,1523.0,1326,2024-11-19
10,105777,Grigor,Dimitrov,R,BUL,191,1865.0,1498.0,1551.0,1528.0,1492.0,756,2024-10-28
11,200282,Alex,De Minaur,R,AUS,183,1863.0,1485.0,1426.0,1582.0,1500.0,410,2024-11-21
12,208029,Holger,Rune,R,DEN,188,1838.0,1497.0,1552.0,1493.0,1500.0,228,2024-10-28
13,207733,Jack,Draper,L,GBR,193,1834.0,1564.0,1520.0,1499.0,1500.0,130,2024-09-13
14,200624,Sebastian,Korda,R,USA,196,1826.0,1482.0,1490.0,1517.0,1500.0,206,2024-02-01
15,126774,Stefanos,Tsitsipas,R,GRE,193,1823.0,1578.0,1520.0,1513.0,1500.0,512,2024-02-03
16,126610,Matteo,Berrettini,R,ITA,196,1823.0,1516.0,1605.0,1469.0,1500.0,289,2024-11-24
17,128034,Hubert,Hurkacz,R,POL,196,1819.0,1514.0,1512.0,1479.0,1500.0,350,2024-02-02
18,126205,Tommy,Paul,R,USA,185,1817.0,1536.0,1522.0,1549.0,1500.0,300,2024-10-28
19,111575,Karen,Khachanov,R,RUS,198,1797.0,1481.0,1495.0,1496.0,1500.0,481,2024-10-28
20,200005,Ugo,Humbert,L,FRA,188,1789.0,1534.0,1520.0,1526.0,1500.0,271,2024-09-13
21,105683,Milos,Raonic,R,CAN,196,1766.0,1511.0,1454.0,1483.0,1500.0,584,2024-07-29
22,207518,Lorenzo,Musetti,R,ITA,185,1765.0,1529.0,1546.0,1547.0,1500.0,245,2024-11-21
23,210097,Ben,Shelton,L,USA,193,1758.0,1525.0,1500.0,1561.0,1500.0,123,2024-11-21
24,134770,Casper,Ruud,R,NOR,183,1754.0,1490.0,1512.0,1484.0,1500.0,397,2024-02-02
25,208103,Jiri,Lehecka,R,CZE,185,1750.0,1537.0,1503.0,1481.0,1500.0,144,2024-02-03
26,104792,Gael,Monfils,R,FRA,193,1749.0,1510.0,1519.0,1544.0,1479.0,909,2024-10-21
27,200615,Alexei,Popyrin,R,AUS,196,1749.0,1483.0,1504.0,1511.0,1500.0,206,2024-09-10
28,200000,Felix,Auger Aliassime,R,CAN,193,1749.0,1519.0,1493.0,1542.0,1500.0,364,2024-09-15
29,126094,Andrey,Rublev,R,RUS,188,1745.0,1503.0,1477.0,1490.0,1500.0,521,2024-11-11
30,207830,Tomas,Machac,R,CZE,183,1743.0,1520.0,1494.0,1460.0,1500.0,90,2024-09-11
31,105453,Kei,Nishikori,R,JPN,178,1740.0,1508.0,1554.0,1489.0,1512.0,671,2024-09-14
32,126207,Frances,Tiafoe,R,USA,188,1739.0,1512.0,1546.0,1525.0,1500.0,400,2024-10-28
33,111442,Jordan,Thompson,R,AUS,183,1737.0,1499.0,1472.0,1488.0,1500.0,301,2024-09-15
34,105526,Jan Lennard,Struff,R,GER,193,1737.0,1552.0,1516.0,1534.0,1500.0,467,2024-02-02
35,209950,Arthur,Fils,R,FRA,185,1729.0,1487.0,1522.0,1527.0,1500.0,109,2024-09-13
36,134868,Tallon,Griekspoor,R,NED,188,1726.0,1503.0,1631.0,1501.0,1500.0,190,2024-02-02
37,133430,Denis,Shapovalov,L,CAN,185,1724.0,1501.0,1499.0,1523.0,1500.0,381,2024-11-20
38,207925,Flavio,Cobolli,R,ITA,183,1717.0,1504.0,1545.0,1492.0,1500.0,79,2024-09-15
39,105138,Roberto,Bautista Agut,R,ESP,183,1711.0,1510.0,1503.0,1565.0,1500.0,693,2024-09-13
40,202103,Francisco,Cerundolo,R,ARG,185,1704.0,1540.0,1520.0,1485.0,1500.0,190,2024-02-03
41,202385,Jenson,Brooksby,R,USA,188,1703.0,1559.0,1483.0,1501.0,1500.0,79,2023-01-16
42,105807,Pablo,Carreno Busta,R,ESP,188,1700.0,1454.0,1571.0,1494.0,1500.0,499,2024-09-15
43,206909,Brandon,Nakashima,R,USA,188,1700.0,1416.0,1541.0,1512.0,1500.0,176,2024-09-13
44,106423,Thanasi,Kokkinakis,R,AUS,193,1687.0,1518.0,1522.0,1507.0,1500.0,173,2024-11-21
45,105676,David,Goffin,R,BEL,180,1685.0,1598.0,1551.0,1501.0,1500.0,603,2024-10-21
46,104871,Jeremy,Chardy,R,FRA,188,1682.0,1502.0,1508.0,1506.0,1500.0,607,2023-07-03
47,200325,Emil,Ruusuvuori,R,FIN,188,1678.0,1499.0,1564.0,1497.0,1499.0,214,2024-02-02
48,208286,Matteo,Arnaldi,R,ITA,185,1677.0,1563.0,1565.0,1485.0,1500.0,92,2024-09-11
49,105227,Marin,Cilic,R,CRO,198,1675.0,1456.0,1472.0,1565.0,1524.0,933,2024-02-03
50,111815,Cameron,Norrie,L,GBR,188,1675.0,1499.0,1508.0,1503.0,1500.0,365,2024-11-04
51,106218,Marcos,Giron,R,USA,180,1673.0,1496.0,1529.0,1562.0,1500.0,223,2024-10-28
52,210506,Alex,Michelsen,R,USA,193,1672.0,1439.0,1515.0,1531.0,1500.0,79,2024-12-18
53,210150,Jakub,Mensik,R,CZE,193,1669.0,1550.0,1556.0,1544.0,1500.0,49,2024-02-03
54,106415,Yoshihito,Nishioka,L,JPN,170,1666.0,1594.0,1532.0,1480.0,1500.0,285,2024-02-02
55,104731,Kevin,Anderson,R,RSA,203,1664.0,1512.0,1544.0,1512.0,1500.0,614,2023-07-31
56,144684,Alex,Molcan,L,SVK,178,1661.0,1523.0,1515.0,1522.0,1500.0,95,2024-02-02
57,144707,Mikael,Ymer,R,SWE,183,1658.0,1495.0,1445.0,1485.0,1500.0,152,2023-02-03
58,126128,Roman,Safiullin,R,RUS,185,1651.0,1532.0,1597.0,1483.0,1500.0,107,2024-11-04
59,105870,Yannick,Hanfmann,R,GER,193,1650.0,1486.0,1492.0,1540.0,1500.0,153,2024-09-10
60,200221,Alejandro,Davidovich Fokina,R,ESP,183,1650.0,1522.0,1502.0,1489.0,1500.0,233,2024-10-21
61,124187,Reilly,Opelka,R,USA,211,1649.0,1457.0,1567.0,1531.0,1500.0,188,2024-09-11
62,126214,Alejandro,Tabilo,L,CHI,188,1649.0,1490.0,1525.0,1534.0,1500.0,113,2024-02-03
63,105916,Marton,Fucsovics,R,HUN,188,1647.0,1545.0,1446.0,1486.0,1501.0,326,2024-02-02
64,144869,Tomas Martin,Etcheverry,R,ARG,196,1646.0,1474.0,1530.0,1498.0,1500.0,137,2024-02-03
65,208659,Giovanni,Mpetshi Perricard,R,FRA,203,1645.0,1547.0,1488.0,1504.0,1500.0,34,2024-10-28
66,105656,Marcelo,Arevalo,R,ESA,193,1641.0,1488.0,1514.0,1500.0,1500.0,51,2024-02-02
67,136440,Dominik,Koepfer,L,GER,180,1635.0,1569.0,1540.0,1498.0,1500.0,133,2024-02-02
68,106426,Cristian,Garin,R,CHI,185,1634.0,1500.0,1501.0,1472.0,1500.0,251,2024-09-11
69,105575,Ricardas,Berankis,R,LTU,175,1633.0,1507.0,1513.0,1457.0,1490.0,288,2024-02-03
70,126846,Aleksandar,Vukic,R,AUS,188,1632.0,1497.0,1574.0,1512.0,1500.0,94,2024-10-14
71,209098,Hamad,Medjedovic,R,SRB,188,1631.0,1570.0,1562.0,1481.0,1500.0,39,2024-11-04
72,105577,Vasek,Pospisil,R,CAN,193,1630.0,1492.0,1498.0,1559.0,1488.0,313,2024-02-02
73,106148,Roberto,Carballes Baena,R,ESP,183,1629.0,1493.0,1548.0,1461.0,1500.0,265,2024-11-04
74,122298,Botic,Van De Zandschulp,R,NED,191,1628.0,1466.0,1546.0,1459.0,1500.0,186,2024-02-02
75,200175,Miomir,Kecmanovic,R,SRB,183,1628.0,1468.0,1510.0,1521.0,1500.0,293,2024-09-14
76,105723,Andrey,Kuznetsov,R,RUS,183,1625.0,1500.0,1480.0,1545.0,1500.0,180,2023-08-21
77,104545,John,Isner,R,USA,208,1623.0,1522.0,1530.0,1543.0,1500.0,809,2023-08-28
78,126239,Arthur,Rinderknech,R,FRA,196,1623.0,1510.0,1518.0,1450.0,1500.0,157,2024-09-14
79,202104,Sebastian,Baez,R,ARG,170,1621.0,1519.0,1482.0,1501.0,1500.0,179,2024-02-03
80,127339,Borna,Gojo,R,CRO,196,1621.0,1490.0,1500.0,1487.0,1500.0,42,2024-09-13
81,111797,Nicolas,Jarry,R,CHI,201,1621.0,1536.0,1512.0,1500.0,1500.0,228,2024-02-03
82,132283,Lorenzo,Sonego,R,ITA,191,1620.0,1492.0,1518.0,1500.0,1500.0,298,2024-11-04
83,104918,Andy,Murray,R,GBR,191,1618.0,1459.0,1522.0,1526.0,1576.0,1017,2024-06-17
84,111581,Michael,Mmoh,R,USA,188,1616.0,1523.0,1481.0,1490.0,1500.0,70,2024-04-01
85,104527,Stan,Wawrinka,R,SUI,183,1616.0,1541.0,1521.0,1497.0,1521.0,948,2024-11-04
86,105985,Darian,King,R,BAR,188,1615.0,1489.0,1500.0,1500.0,1500.0,52,2024-02-03
87,111190,Zhizhen,Zhang,R,CHN,193,1613.0,1483.0,1467.0,1539.0,1500.0,114,2024-02-02
88,122330,Alexander,Bublik,R,KAZ,196,1613.0,1401.0,1462.0,1534.0,1500.0,302,2024-09-14
89,105583,Dusan,Lajovic,R,SRB,183,1613.0,1497.0,1490.0,1508.0,1500.0,463,2024-09-14
90,125802,Ilya,Ivashka,R,BLR,193,1609.0,1406.0,1465.0,1500.0,1500.0,178,2023-08-28
91,206681,Fabian,Marozsan,R,HUN,193,1608.0,1485.0,1460.0,1502.0,1500.0,72,2024-02-02
92,132686,Nuno,Borges,R,POR,185,1607.0,1505.0,1465.0,1547.0,1500.0,89,2024-02-02
93,106378,Kyle,Edmund,R,GBR,188,1604.0,1489.0,1465.0,1507.0,1500.0,247,2023-05-08
94,209992,Juncheng,Shang,L,CHN,180,1604.0,1496.0,1553.0,1440.0,1500.0,62,2024-12-18
95,106432,Borna,Coric,R,CRO,188,1604.0,1530.0,1523.0,1498.0,1500.0,419,2024-10-14
96,200267,Zizou,Bergs,R,BEL,185,1603.0,1505.0,1582.0,1554.0,1500.0,60,2024-02-03
97,111513,Laslo,Djere,R,SRB,188,1602.0,1489.0,1558.0,1512.0,1500.0,293,2024-02-02
98,111456,Mackenzie,Mcdonald,R,USA,178,1602.0,1505.0,1468.0,1528.0,1500.0,230,2024-09-13
99,111460,Quentin,Halys,R,FRA,191,1601.0,1512.0,1507.0,1535.0,1500.0,97,2024-02-03
100,104898,Robin,Haase,R,NED,191,1599.0,1496.0,1580.0,1452.0,1527.0,505,2024-07-29
101,105732,Pierre Hugues,Herbert,R,FRA,188,1598.0,1482.0,1506.0,1543.0,1500.0,228,2024-11-04
102,106331,Christopher,Oconnell,R,AUS,183,1598.0,1494.0,1492.0,1500.0,1500.0,117,2024-11-04
103,208502,Dominic,Stricker,L,SUI,183,1598.0,1388.0,1580.0,1470.0,1500.0,49,2024-10-21
104,106329,Thiago,Monteiro,L,BRA,183,1596.0,1523.0,1526.0,1486.0,1500.0,222,2024-02-02
105,106058,Jack,Sock,R,USA,191,1596.0,1476.0,1494.0,1477.0,1500.0,336,2023-04-03
106,105936,Filip,Krajinovic,R,SRB,185,1592.0,1477.0,1479.0,1502.0,1500.0,257,2023-05-29
107,205734,Thiago,Seyboth Wild,R,BRA,185,1592.0,1402.0,1552.0,1607.0,1500.0,79,2024-10-21
108,126127,Benjamin,Bonzi,R,FRA,183,1592.0,1415.0,1579.0,1488.0,1500.0,106,2024-11-04
109,207686,Alexander,Shevchenko,R,KAZ,185,1589.0,1453.0,1487.0,1511.0,1500.0,86,2024-09-14
110,106234,Aslan,Karatsev,R,RUS,185,1588.0,1452.0,1488.0,1571.0,1500.0,167,2024-10-14
111,105173,Adrian,Mannarino,L,FRA,180,1588.0,1464.0,1598.0,1475.0,1500.0,648,2024-02-03
112,111794,Kamil,Majchrzak,R,POL,180,1587.0,1484.0,1512.0,1483.0,1500.0,71,2024-02-02
113,104926,Fabio,Fognini,R,ITA,178,1587.0,1560.0,1510.0,1491.0,1492.0,819,2024-11-04
114,200059,Yibing,Wu,R,CHN,183,1587.0,1495.0,1527.0,1549.0,1500.0,48,2024-10-02
115,126952,Soon Woo,Kwon,R,KOR,180,1587.0,1450.0,1524.0,1473.0,1500.0,136,2024-09-13
116,144895,Corentin,Moutet,L,FRA,180,1586.0,1511.0,1447.0,1512.0,1500.0,156,2024-11-04
117,208014,Rinky,Hijikata,R,AUS,178,1585.0,1515.0,1463.0,1507.0,1500.0,64,2024-10-02
118,106078,Egor,Gerasimov,R,BLR,196,1583.0,1493.0,1454.0,1533.0,1500.0,119,2024-10-02
119,106298,Lucas,Pouille,R,FRA,185,1583.0,1543.0,1523.0,1524.0,1500.0,277,2024-07-01
120,105357,John,Millman,R,AUS,183,1582.0,1472.0,1464.0,1522.0,1500.0,270,2023-01-16
121,124116,Sebastian,Ofner,R,AUT,191,1582.0,1474.0,1511.0,1536.0,1500.0,93,2024-02-03
122,106210,Jiri,Vesely,L,CZE,198,1580.0,1486.0,1498.0,1501.0,1500.0,315,2024-01-15
123,105464,Christopher,Rungkat,R,INA,175,1578.0,1512.0,1513.0,1500.0,1500.0,32,2023-02-04
124,105449,Steve,Johnson,R,USA,188,1573.0,1519.0,1454.0,1512.0,1500.0,405,2024-02-05
125,124186,Alexandre,Muller,R,FRA,183,1572.0,1514.0,1501.0,1509.0,1500.0,66,2024-11-04
126,106233,Dominic,Thiem,R,AUT,185,1568.0,1490.0,1514.0,1449.0,1500.0,566,2024-02-03
127,200384,Hugo,Gaston,L,FRA,173,1566.0,1514.0,1520.0,1471.0,1500.0,96,2024-11-04
128,200303,Pavel,Kotov,R,RUS,191,1566.0,1432.0,1502.0,1570.0,1500.0,80,2024-11-04
129,133297,Yosuke,Watanuki,R,JPN,180,1566.0,1523.0,1568.0,1490.0,1500.0,39,2024-02-02
130,144750,Lloyd,Harris,R,RSA,193,1564.0,1498.0,1442.0,1501.0,1500.0,158,2024-07-01
131,111153,Christopher,Eubanks,R,USA,201,1564.0,1495.0,1514.0,1522.0,1500.0,103,2024-02-01
132,105051,Matthew,Ebden,R,AUS,188,1561.0,1464.0,1504.0,1490.0,1500.0,208,2024-07-29
133,106186,Jason,Kubler,R,AUS,178,1560.0,1514.0,1439.0,1508.0,1500.0,62,2024-01-15
134,126845,Max,Purcell,R,AUS,185,1559.0,1495.0,1497.0,1489.0,1500.0,85,2024-08-26
135,105550,Guido,Pella,L,ARG,183,1559.0,1482.0,1481.0,1490.0,1500.0,281,2023-08-28
136,105657,Marius,Copil,R,ROU,191,1557.0,1579.0,1452.0,1466.0,1500.0,158,2024-02-03
137,106296,Gregoire,Barrere,R,FRA,183,1556.0,1527.0,1492.0,1487.0,1500.0,101,2024-11-04
138,105208,Ernests,Gulbis,R,LAT,190,1556.0,1468.0,1461.0,1519.0,1512.0,485,2023-02-04
139,106109,Alex,Bolt,L,AUS,183,1555.0,1500.0,1542.0,1476.0,1500.0,48,2024-07-15
140,105430,Radu,Albot,R,MDA,175,1553.0,1524.0,1534.0,1508.0,1514.0,255,2024-02-03
141,105226,Attila,Balazs,R,HUN,180,1553.0,1468.0,1512.0,1514.0,1468.0,56,2023-08-28
142,106281,Liam,Broady,L,GBR,183,1547.0,1542.0,1512.0,1446.0,1500.0,56,2024-07-01
143,209260,Luciano,Darderi,R,ITA,183,1547.0,1540.0,1489.0,1507.0,1500.0,54,2024-11-04
144,103529,Aisam Ul Haq,Qureshi,R,PAK,183,1545.0,1513.0,1446.0,1500.0,1500.0,75,2024-02-03
145,200670,J J,Wolf,R,USA,183,1544.0,1528.0,1522.0,1522.0,1500.0,98,2024-07-29
146,105554,Daniel,Evans,R,GBR,175,1543.0,1434.0,1534.0,1480.0,1500.0,335,2024-09-13
147,207680,Facundo,Diaz Acosta,L,ARG,183,1542.0,1447.0,1463.0,1453.0,1500.0,41,2024-10-14
148,105064,Thomaz,Bellucci,L,BRA,188,1541.0,1552.0,1471.0,1488.0,1483.0,422,2023-02-20
149,208363,Mariano,Navone,R,ARG,178,1539.0,1514.0,1476.0,1499.0,1500.0,42,2024-11-04
150,106065,Marco,Cecchinato,R,ITA,185,1538.0,1513.0,1469.0,1500.0,1500.0,207,2023-08-28
151,105643,Federico,Delbonis,L,ARG,193,1537.0,1474.0,1510.0,1464.0,1500.0,365,2023-02-06
152,124079,Pedro,Martinez,R,ESP,185,1536.0,1499.0,1446.0,1526.0,1500.0,159,2024-09-15
153,106026,Yuki,Bhambri,R,IND,185,1535.0,1526.0,1492.0,1513.0,1500.0,61,2023-02-03
154,200514,Jurij,Rodionov,L,AUT,191,1533.0,1500.0,1459.0,1568.0,1500.0,44,2024-09-13
155,207678,Juan Manuel,Cerundolo,L,ARG,183,1529.0,1493.0,1487.0,1515.0,1500.0,41,2024-02-26
156,144719,Jaume,Munar,R,ESP,183,1529.0,1503.0,1480.0,1514.0,1500.0,224,2024-10-14
157,105902,James,Duckworth,R,AUS,183,1528.0,1504.0,1498.0,1556.0,1500.0,173,2024-11-04
158,104112,Benjamin,Balleret,R,MON,185,1527.0,1488.0,1501.0,1500.0,1511.0,57,2024-02-03
159,127157,Daniel,Altmaier,R,GER,188,1526.0,1543.0,1497.0,1511.0,1500.0,127,2024-11-22
160,106216,Bjorn,Fratangelo,R,USA,183,1526.0,1487.0,1503.0,1511.0,1500.0,62,2023-07-31
161,209414,Luca,Van Assche,R,FRA,178,1525.0,1471.0,1507.0,1511.0,1500.0,61,2024-02-03
162,105487,Facundo,Bagnis,L,ARG,183,1524.0,1545.0,1514.0,1505.0,1500.0,131,2024-04-22
163,106075,Jozef,Kovalik,R,SVK,183,1522.0,1453.0,1525.0,1481.0,1500.0,81,2024-09-13
164,105011,Illya,Marchenko,R,UKR,185,1521.0,1424.0,1478.0,1455.0,1500.0,161,2023-08-21
165,105882,Stefano,Travaglia,R,ITA,185,1520.0,1489.0,1506.0,1515.0,1500.0,85,2023-08-28
166,106043,Diego,Schwartzman,R,ARG,170,1519.0,1481.0,1526.0,1502.0,1500.0,476,2024-08-26
167,111200,Elias,Ymer,R,SWE,185,1519.0,1452.0,1512.0,1503.0,1500.0,118,2024-09-14
168,104291,Malek,Jaziri,R,TUN,185,1517.0,1471.0,1487.0,1464.0,1499.0,243,2023-02-27
169,105477,Marco,Trungelliti,R,ARG,178,1516.0,1448.0,1477.0,1510.0,1500.0,41,2024-09-18
170,105932,Nikoloz,Basilashvili,R,GEO,185,1515.0,1483.0,1452.0,1508.0,1512.0,318,2023-03-06
171,105806,Mirza,Basic,R,BIH,188,1515.0,1450.0,1484.0,1489.0,1524.0,75,2024-09-14
172,103499,Aqeel,Khan,R,PAK,0,1514.0,1464.0,1501.0,1488.0,1502.0,75,2024-09-14
173,106000,Damir,Dzumhur,R,BIH,175,1513.0,1509.0,1512.0,1443.0,1499.0,274,2024-02-03
174,122669,Juan Pablo,Varillas,R,PER,185,1513.0,1518.0,1405.0,1469.0,1500.0,84,2024-09-13
175,104755,Richard,Gasquet,R,FRA,183,1511.0,1504.0,1525.0,1512.0,1486.0,1022,2024-11-04
176,109739,Maximilian,Marterer,L,GER,188,1510.0,1554.0,1481.0,1523.0,1500.0,120,2024-09-14
177,105948,Federico,Coria,R,ARG,180,1508.0,1512.0,1444.0,1461.0,1500.0,127,2024-08-26
178,104665,Pablo,Andujar,R,ESP,180,1508.0,1541.0,1444.0,1484.0,1500.0,408,2023-04-17
179,105815,Tennys,Sandgren,R,USA,188,1507.0,1476.0,1499.0,1511.0,1500.0,123,2024-02-05
180,202195,Maxime,Cressy,R,USA,201,1507.0,1487.0,1457.0,1503.0,1500.0,101,2024-07-29
181,105633,Mohamed,Safwat,R,EGY,180,1507.0,1572.0,1488.0,1506.0,1507.0,42,2024-02-02
182,106045,Denis,Kudla,R,USA,180,1505.0,1493.0,1500.0,1523.0,1500.0,204,2024-04-01
183,144817,Marc Andrea,Huesler,L,SUI,196,1504.0,1484.0,1486.0,1502.0,1500.0,83,2024-09-13
184,105877,Emilio,Gomez,R,ECU,185,1502.0,1512.0,1493.0,1500.0,1500.0,54,2024-02-02
185,106121,Taro,Daniel,R,JPN,191,1501.0,1413.0,1446.0,1498.0,1500.0,237,2024-10-14
186,106214,Oscar,Otte,R,GER,193,1499.0,1555.0,1493.0,1485.0,1500.0,86,2024-06-17
187,105613,Norbert,Gombos,R,SVK,193,1498.0,1489.0,1536.0,1485.0,1500.0,85,2024-09-15
188,103852,Feliciano,Lopez,L,ESP,188,1495.0,1447.0,1596.0,1508.0,1574.0,1004,2023-06-26
189,106220,Dimitar,Kuzmanov,R,BUL,183,1494.0,1497.0,1478.0,1500.0,1512.0,38,2024-02-03
190,105077,Albert,Ramos,L,ESP,188,1494.0,1493.0,1532.0,1509.0,1500.0,613,2024-08-26
191,105641,Blaz,Rola,L,SLO,193,1493.0,1535.0,1441.0,1479.0,1500.0,38,2023-09-15
192,106283,Mitchell,Krueger,R,USA,188,1492.0,1495.0,1430.0,1519.0,1500.0,32,2024-09-18
193,106034,Yasutaka,Uchiyama,R,JPN,183,1492.0,1499.0,1493.0,1487.0,1500.0,41,2024-09-18
194,105062,Mikhail,Kukushkin,R,KAZ,183,1491.0,1450.0,1507.0,1476.0,1501.0,413,2024-10-14
195,206499,Aleksandar,Kovacevic,R,USA,183,1490.0,1508.0,1511.0,1514.0,1500.0,48,2024-11-04
196,123755,Daniel Elahi,Galan,R,COL,191,1489.0,1506.0,1542.0,1433.0,1500.0,126,2024-07-29
197,105311,Joao,Sousa,R,POR,185,1488.0,1485.0,1534.0,1453.0,1500.0,484,2024-02-02
198,126535,Carlos,Taberner,R,ESP,183,1487.0,1550.0,1553.0,1403.0,1500.0,38,2024-04-15
199,126523,Bernabe,Zapata Miralles,R,ESP,183,1486.0,1496.0,1495.0,1487.0,1500.0,97,2024-03-04
200,104269,Fernando,Verdasco,L,ESP,188,1484.0,1473.0,1517.0,1512.0,1510.0,1007,2023-04-17
201,105561,Alessandro,Giannessi,L,ITA,185,1484.0,1536.0,1489.0,1500.0,1500.0,36,2023-04-03
202,105819,Guido,Andreozzi,R,ARG,183,1482.0,1476.0,1447.0,1533.0,1500.0,40,2024-07-22
203,106398,Pedro,Cachin,R,ARG,185,1477.0,1528.0,1451.0,1599.0,1500.0,72,2024-07-15
204,105359,Jason,Jung,R,TPE,180,1473.0,1529.0,1501.0,1512.0,1500.0,35,2023-07-31
205,124014,Ernesto,Escobedo,R,MEX,185,1461.0,1487.0,1470.0,1489.0,1500.0,63,2024-02-03
206,106198,Hugo,Dellien,R,BOL,180,1461.0,1468.0,1523.0,1426.0,1500.0,98,2024-09-13
207,104907,Jose Rubin,Statham,R,NZL,180,1459.0,1476.0,1487.0,1498.0,1512.0,50,2024-09-14
208,126340,Viktor,Durasovic,R,NOR,185,1457.0,1500.0,1538.0,1500.0,1500.0,31,2024-02-02
209,106368,Ramkumar,Ramanathan,R,IND,188,1457.0,1499.0,1471.0,1524.0,1500.0,62,2024-02-03
210,105155,Pedro,Sousa,R,POR,180,1456.0,1464.0,1467.0,1510.0,1512.0,49,2023-04-03
211,111576,Sumit,Nagal,R,IND,178,1456.0,1472.0,1592.0,1477.0,1500.0,48,2024-11-04
212,208134,Luca,Nardi,R,ITA,185,1451.0,1547.0,1492.0,1379.0,1500.0,31,2024-10-02
213,110602,Dennis,Novak,R,AUT,183,1449.0,1473.0,1533.0,1533.0,1500.0,80,2023-09-15
214,105432,Prajnesh,Gunneswaran,L,IND,188,1449.0,1482.0,1546.0,1603.0,1500.0,39,2023-02-03
215,105614,Bradley,Klahn,L,USA,183,1448.0,1467.0,1529.0,1476.0,1500.0,56,2023-07-31
216,106005,Constant,Lestienne,R,FRA,180,1433.0,1464.0,1516.0,1515.0,1500.0,59,2024-08-26
217,202358,Chun Hsin,Tseng,R,TPE,175,1422.0,1524.0,1517.0,1502.0,1500.0,32,2024-09-14
218,105332,Benoit,Paire,R,FRA,196,1415.0,1525.0,1495.0,1511.0,1500.0,541,2024-07-15
219,117356,Cem,Ilkel,R,TUR,185,1404.0,1609.0,1548.0,1493.0,1500.0,41,2024-02-02
